x,0_0_im,0_0_re,0_1_im,0_1_re,0_2_im,0_2_re,0_3_im,0_3_re,0_4_im,0_4_re,0_5_im,0_5_re,deform_jac_im,deform_jac_re,integrand_im,integrand_re,param_jac,rescaled_integrand_im,rescaled_integrand_re
999999999999999.9,2.8013133349997233e+28,7.954013085822921e+27,602555351785.9052,273529821057.9605,1.7099097546342408e+27,3.025422113401439e+27,3.0122778024373196e+28,5.870008024732903e+27,1.2281948730664535e+28,8.711849805898688e+27,1.1882213810922819e+28,9.653266858210109e+27,0.0,1.0,6.853201325562029e+24,4.832843206362807e+25,2.1174292597673153e+62,32365668.387500823,56615246216.23838
705480231071863.1,1.4163765446588569e+28,4.021641360112368e+27,438708933167.1507,199151788512.16443,8.64550223528479e+26,1.5296885448604948e+27,1.5230426286351741e+28,2.9679442064954765e+27,6.209895868295499e+27,4.4048124040600893e+27,6.007785252060806e+27,4.880803795303692e+27,0.0,1.0,1.5377991535858135e+24,1.4005974757270485e+25,4.924463714304969e+61,10964661.311786281,24771285689.53941
497702356433211.4,6.907180022420014e+27,1.9612158196672728e+27,297143360313.0505,134888139212.59232,4.216113331482035e+26,7.459763575885817e+26,7.427353734057159e+27,1.447364050758152e+27,3.0283520893188944e+27,2.1480751255422494e+27,2.9297897108299516e+27,2.38019971422171e+27,0.0,1.0,1.4336434991984893e+24,2.87330233180321e+24,1.3233932873545647e+61,13355536.335251449,6639587426.72178
351119173421512.75,3.4438455430068894e+27,9.778410780539281e+26,210376518911.01544,95500357605.27565,2.1021086837619738e+26,3.7193577493726035e+26,3.703198551412091e+27,7.216401221819437e+26,1.5099037250519621e+27,1.0710071147893418e+27,1.4607615850229584e+27,1.1867419338546177e+27,0.0,1.0,1.1009827429001954e+23,6.089101575069872e+23,3.2548842581354575e+60,1464227.63165689,2008726968.5252721
247707635599171.4,1.720129862614751e+27,4.8841146278104104e+26,149478200235.7101,67855584124.10749,1.0499599579148505e+26,1.857742530710997e+26,1.8496713444104894e+27,3.604443662540982e+26,7.541657878382779e+26,5.3494597774948054e+26,7.296203018340248e+26,5.927531342936374e+26,0.0,1.0,1.8179183507904011e+22,3.722360250861751e+22,7.948468357301387e+59,347623.4822941362,176560170.3542885
174752840000768.28,8.551266564561395e+26,2.4280356397506696e+26,105211141605.1305,47760566147.58982,5.219656769749609e+25,9.235379219731935e+25,9.195255001759832e+26,1.7918739302902908e+26,3.749177795142979e+26,2.6593722676392236e+26,3.627155034919505e+26,2.9467484801520385e+26,0.0,1.0,2.8630048307606197e+21,9.194279259949869e+21,1.9779932031506305e+59,77244.93519453504,61532594.58711943
123284673944206.33,4.262309584019107e+26,1.2102347061122232e+26,74445127719.5427,33794343380.089355,2.6016956560791155e+25,4.603299998090207e+25,4.583300406506602e+26,8.931450526968841e+25,1.868747316877635e+26,1.3255425752728445e+26,1.8079260599980523e+26,1.4687829216665266e+26,0.0,1.0,8.814015644202423e+20,1.9046414007532712e+22,4.870626116455998e+58,33909.10261756607,181758740.63961303
86974900261778.34,2.1232248373701147e+26,6.0286573192597895e+25,52611868322.12158,23883141830.906914,1.2960074174284455e+25,2.293085637527713e+25,2.283123050636609e+26,4.449108451367159e+25,9.308968857728961e+25,6.603051381727675e+25,9.005994142492467e+25,7.3165881513627595e+25,0.0,1.0,9.257591738922747e+20,6.327109911593895e+21,1.2022616490001694e+58,50661.827152334365,85887074.18573382
61359072734131.63,1.0561320123376885e+26,2.9987676642717647e+25,37074356405.11034,16829892960.492619,6.446584919704748e+24,1.1406239726474308e+25,1.1356683943421092e+26,2.213070316034517e+25,4.6304563885376016e+25,3.2844820862170265e+25,4.479751060463874e+25,3.6394087106272115e+25,0.0,1.0,3.607352862588134e+20,2.8948356220840503e+20,2.984889734757348e+57,27918.79676326559,5557399.074812303
43287612810830.62,5.262488415061141e+25,1.4942241981435454e+25,26215911804.836525,11900705293.869774,3.212200563977114e+24,5.683494460803138e+24,5.658801834202449e+25,1.1027273829214791e+25,2.3072611014969986e+25,1.636589813231261e+25,2.232167738753404e+25,1.8134424440895096e+25,0.0,1.0,2.7444841087076647e+20,2.8498409925108397e+20,7.359608119581535e+56,30248.01917458242,7791058.286729144
30538555088334.125,2.616863001032829e+25,7.430287177790134e+24,18462482220.737175,8381038261.723423,1.5973220546597318e+24,2.8262155083296226e+24,2.813936674467539e+25,5.483501836002531e+24,1.1473253210305824e+25,8.138224718661644e+24,1.1099838530618477e+25,9.017654885203673e+24,0.0,1.0,1.9297796854659702e+18,4.691715084292711e+19,1.8294204742467196e+56,300.4274763377669,1811770.379091691
21544346900318.867,1.30317096344204e+25,3.7002068875253014e+24,13039963033.758736,5919487304.618032,7.954500178559508e+23,1.4074263671545366e+24,1.4013116336940208e+25,2.7307277331061066e+24,5.71356254950587e+24,4.052752529704575e+24,5.527605864842027e+24,4.490699742439923e+24,0.0,1.0,1.3016833777539123e+18,2.00156927383825e+19,4.5211621784120963e+55,287.90902126211483,1098146.1535841248
15199110829529.332,6.483857071106162e+24,1.8410180448517728e+24,9193606068.092838,4173434714.718448,3.957718801042191e+23,7.0025742275849e+23,6.972150699975605e+24,1.3586589034181798e+24,2.842752330820224e+24,2.0164252338589702e+24,2.7502305820550117e+24,2.2343235151838716e+24,0.0,1.0,7.952228152780398e+17,1.8963688329654595e+18,1.1213472319723882e+55,249.00224446554756,147291.21484724648
10722672220103.254,3.227034506475454e+24,9.162800309487835e+23,6485921657.278719,2944282189.267857,1.9697681484689043e+23,3.485201542654767e+23,3.470059664552383e+24,6.762084845143844e+23,1.4148460961301426e+24,1.0035806986535856e+24,1.3687977529001105e+24,1.112029306484666e+24,0.0,1.0,2.0544014670736816e+17,7.437190624180221e+17,2.7776504464084673e+54,91.18361719926604,81880.41178007076
7564633275546.291,1.606481188513088e+24,4.561422042979965e+23,4577846469.865336,2078112030.7398148,9.8058929022847e+22,1.7350018121023406e+23,1.7274638876452423e+24,3.3662987107992595e+23,7.04338188362517e+23,4.996021921385253e+23,6.814144182532141e+23,5.5359004013069084e+23,0.0,1.0,1.1753965723468384e+17,2.7108493940991312e+17,6.873969998674173e+53,74.01852456839494,42344.88905880502
5336699231206.302,7.994346113977868e+23,2.269904362668656e+23,3228652341.860707,1465645761.356013,4.8797148935195304e+22,8.633904395209767e+22,8.596393357096141e+23,1.675174114057022e+23,3.505004166450102e+23,2.48617467282897e+23,3.3909284126838133e+23,2.754834863738327e+23,0.0,1.0,2.07787097347036e+16,113693291466965.64,1.7037136530995522e+53,18.537030068275488,25.159153383747448
3764935806792.4717,3.9790299105337395e+23,1.1298006396442359e+23,2278008032.545038,1034101062.5226434,2.428782947268436e+22,4.2973575753945275e+22,4.278687187535214e+23,8.337852539972263e+22,1.7445474859369964e+23,1.2374449698520038e+23,1.6877685036623885e+23,1.3711653417444573e+23,0.0,1.0,7063636869782004.0,4666007591931967.0,4.21927428404695e+52,8.934357644160878,1463.929002237622
2656087782946.684,1.9803992116506962e+23,5.623120072936995e+22,1607132885.0395198,729557490.7071552,1.2088272624710805e+22,2.1388337725139038e+22,2.1295413514391067e+23,4.149824698052092e+22,8.682770784634238e+22,6.158875650239272e+22,8.400176649221374e+22,6.824414047868347e+22,0.0,1.0,2632605722944283.0,687127065239595.6,1.0450902027352953e+52,4.720188227067706,305.59775302018875
1873817422860.387,9.856776415166432e+22,2.7987204291187297e+22,1133865558.0268874,514717929.6831568,6.016534434389935e+21,1.064533158812184e+22,1.0599081662171888e+23,2.0654368053772998e+22,4.321559500972659e+22,3.065374894924355e+22,4.1809076974063115e+22,3.396624429995161e+22,0.0,1.0,645250320352088.9,724417852861250.9,2.588471071646733e+51,1.640086414836779,456.7381118899651
1321941148466.0288,4.905836739672724e+22,1.392956979740058e+22,799951007.7574948,363137519.8284803,2.9945018970218394e+21,5.298310178838098e+21,5.275291031768424e+22,1.0279928585679748e+22,2.1508923891112936e+22,1.5256741298555723e+22,2.080888286717858e+22,1.6905410265673355e+22,0.0,1.0,111612972865392.3,196513928199151.0,6.411339193145134e+50,0.402163160867539,175.6388366251217
932603346883.218,2.4416492017721807e+22,6.93278736771047e+21,564350868.1529683,256186907.18143785,1.4903722962163537e+21,2.6369843729787047e+21,2.6255276765880487e+22,5.116350330723572e+21,1.0705053925870605e+22,7.593324480615951e+21,1.0356641473928848e+22,8.413871816608014e+21,0.0,1.0,41061946943249.53,62244694479331.59,1.5881306578483291e+50,0.2097221092818971,78.8581572232719
657933224657.5682,1.2151818213870256e+22,3.4503716482567116e+21,398116928.1278114,180725060.00993195,7.417418194826791e+20,1.3123979771540024e+21,1.306696105985484e+22,2.546351011124093e+21,5.327787021265671e+21,3.779113668761213e+21,5.154385994764163e+21,4.187491008782778e+21,0.0,1.0,2541783243618.8374,4310504957295.0747,3.9343448770534286e+49,0.018399733815499076,7.739996812734143
464158883361.2772,6.048035490300206e+21,1.7172714252393264e+21,280867981.2761839,127499935.7844065,3.691695160276948e+20,6.531886342873445e+20,6.50350777550032e+21,1.2673347325474785e+21,2.6516727309659144e+21,1.8808883731042436e+21,2.565369961793777e+21,2.0841403146998674e+21,0.0,1.0,2396548850192.0347,1362130844233.9136,9.745370184909216e+48,0.024591665629111758,3.4670498938244574
327454916287.7732,3.010114907768628e+21,8.546881588390585e+20,198145938.42461213,89948289.26483661,1.837361347285192e+20,3.2509280886443763e+20,3.236804039794176e+21,6.307540982013905e+20,1.319740869709667e+21,9.361205205904323e+20,1.2767878724128368e+21,1.0372792688172921e+21,0.0,1.0,426220992670.13165,306034103187.78455,2.4140238026681857e+48,0.0061993739446903175,1.1041356378824
231012970008.31583,1.4981535325206814e+21,4.253837888592495e+20,139790328.4332531,63457777.627432585,9.144665493825557e+19,1.618007800102265e+20,1.610978170228522e+21,3.1393036788514777e+20,6.568435114767773e+20,4.659131985851985e+20,6.354655287073319e+20,5.1626055762138674e+20,0.0,1.0,81139529.2368381,91299423132.40189,5.979525711876777e+47,1.6729187042512594e-06,0.4669280795503353
162975083462.06403,7.456313639670103e+20,2.1171361132988354e+20,98618472.15943247,44767825.83159551,4.551302157737105e+19,8.052828610094575e+19,8.017842125749784e+20,1.562432176113824e+20,3.269111694788927e+20,2.318851080414574e+20,3.162713424483943e+20,2.5694300042394678e+20,0.0,1.0,9542891407.36359,66959843741.686676,1.4811994399322575e+47,0.0002788881613111107,0.48540487508783947
114975699539.77356,3.711035415275775e+20,1.0537066270402832e+20,69573777.97420993,31582995.625341002,2.2652002462881194e+19,4.007923165439026e+19,3.990510260249995e+20,7.776283857852994e+19,1.6270492179013655e+20,1.1541009268150152e+20,1.5740943975566528e+20,1.27881500210425e+20,0.0,1.0,3086333153.9319887,13356420069.696772,3.669002402711469e+46,0.00012785360845987996,0.1372460519286536
81113083078.96889,1.8469898593142456e+20,5.244319272256204e+19,49082860.562400654,22281149.81756014,1.1273947607689263e+19,1.9947514952315466e+19,1.9860850569713055e+20,3.870272261343791e+19,8.097856985407368e+19,5.743983740164071e+19,7.834299769610607e+19,6.364688224485431e+19,0.0,1.0,1190287900.103474,3189218737.6327977,9.088422950985097e+45,6.989340786244886e-05,0.046452394926427824
57223676593.5022,9.192499984036938e+19,2.6101066328755122e+19,34626896.88773811,15718869.447082615,5.611062923874381e+18,9.927912162381296e+18,9.884779151565503e+19,1.9262410955434394e+19,4.030317212283532e+19,2.8587904894801584e+19,3.8991443371458675e+19,3.1677161683877868e+19,0.0,1.0,14510439.51971324,161274168.2792439,2.2512835833976992e+45,1.2077516393720953e-06,0.003329672231168226
40370172585.9655,4.575129303261783e+19,1.2990563352127742e+19,24428595.485963453,11089353.587245509,2.792639483278437e+18,4.941145709352268e+18,4.9196783063501005e+19,9.586948160647193e+18,2.0058985489663287e+19,1.4228268874636499e+19,1.9406134942082974e+19,1.5765799392519305e+19,0.0,1.0,18674685.777663197,231663187.17786688,5.576599386546779e+44,2.2032596178247387e-06,0.006779677001238693
28480358684.357933,2.27705168152612e+19,6.465431283842528e+18,17233876.752139978,7823313.177858628,1.3899026693649772e+18,2.4592188330357274e+18,2.4485344604473946e+19,4.771444692143193e+18,9.983400164528892e+18,7.081439980956193e+18,9.658475044698356e+18,7.846672222300409e+18,0.0,1.0,7618189.611593732,54625027.72208568,1.381368563026072e+44,1.2740268277174738e-06,0.002265990427653102
20092330025.65046,1.133294603745075e+19,3.2178621347549967e+18,12158172.573253462,5519198.789563773,6.917582098381815e+17,1.2239596736086577e+18,1.2186420333016214e+19,2.374760557939524e+18,4.968764488427384e+18,3.524451281567492e+18,4.807048402712259e+18,3.905309378366196e+18,0.0,1.0,1224368.1739264452,14515644.31060585,3.4217479655462986e+43,2.902384348903532e-07,0.0008535300468787067
14174741629.268078,5.640434382965436e+18,1.6015376906000458e+18,8577351.718787689,3893686.23763037,3.442897176580231e+17,6.091676606932164e+17,6.065210583764462e+18,1.181924016761649e+18,2.4729659850795126e+18,1.7541278431842765e+18,2.3924795019470884e+18,1.9436818300429893e+18,0.0,1.0,637768.0351273356,3620151.1748407073,8.475928369090172e+42,2.142993853521041e-07,0.000301734165662868
10000000000.0,2.807257722668803e+18,7.970891503781898e+17,6051153.102748349,2746919.1342363134,1.713538183599925e+17,3.03184205998311e+17,3.0186698567568553e+18,5.882464183410223e+17,1.230801102920142e+18,8.730336353498267e+17,1.1907427871981335e+18,9.673751093137171e+17,0.0,1.0,116675.89419760506,377601.94854619127,2.0995514612775728e+42,5.557181919542377e-08,4.461154949550692e-05
7054802310.718632,1.3971787414545718e+18,3.967131364389452e+17,4268968.631117107,1937897.0283455716,8.528319660360707e+16,1.5089548919799837e+17,1.502399055586658e+18,2.92771619722649e+17,6.125725907063517e+17,4.345108844230747e+17,5.926354731821414e+17,4.8146485690671475e+17,0.0,1.0,96625.57928295118,82533.05623277598,5.200749912919255e+41,6.523500283089133e-08,1.3821529580828375e-05
4977023564.332114,6.953791058490609e+17,1.9744504973519462e+17,3011672.5767501025,1367147.8619020523,4.244564509786576e+16,7.510103556714072e+16,7.477475006620232e+17,1.4571311536661072e+17,3.048788016545589e+17,2.1625707672548522e+17,2.9495605194247405e+17,2.3962617792540912e+17,0.0,1.0,30107.136997627946,5352.34429007527,1.2882658065393982e+41,2.8811977693615934e-08,1.2705368273472628e-06
3511191734.2151275,3.460917803686882e+17,9.826885538125126e+16,2124674.9837459465,964495.570831747,2.112529519109609e+16,3.7377958136078104e+16,3.7215565091480154e+17,7.252175266172805e+16,1.517388808110157e+17,1.076316444814916e+17,1.4680030545812317e+17,1.19262499899011e+17,0.0,1.0,828.6285858624562,4145.348836293394,3.191134217827936e+40,1.1240314866234193e-09,1.3948234925916892e-06
2477076355.991714,1.722507049935726e+17,4.890864382937821e+16,1498916.3788415093,680432.6399861734,1.0514109829405854e+16,1.8603098962243884e+16,1.8522275556193533e+17,3.609424936391779e+16,7.552080308480619e+16,5.356852630703062e+16,7.306286234734822e+16,5.935723080449452e+16,0.0,1.0,295.32939308690334,554.016776181776,7.90468122283505e+39,5.678589749803455e-10,2.6423865016547367e-07
1747528400.0076828,8.572958091577835e+16,2.4341947040545196e+16,1057455.8521837543,480031.7664349685,5232897185568141.0,9258806098052600.0,9.218580098650686e+16,1.7964192782728886e+16,3.758688127909887e+16,2.6661181506741092e+16,3.636355839499596e+16,2.9542233347457412e+16,0.0,1.0,71.35620990183077,540.3707033920367,1.9580499759459926e+39,1.9448258992517111e-10,3.653258096640485e-07
1232846739.4420633,4.266781449180653e+16,1.2115044417575866e+16,746014.2008531492,338652.9223072597,2604425263507464.0,4608129618673781.0,4.588109043844962e+16,8940821090809910.0,1.8707079407054332e+16,1.326933287766269e+16,1.809822872466473e+16,1.4703239169909168e+16,0.0,1.0,171.72885413541098,43.77240758250149,4.8502392810193984e+38,6.634487501390829e-10,4.1947313102066016e-08
869749002.6177834,2.1235871930473496e+16,6029686187298217.0,526298.2764719268,238912.94439244407,1296228597750371.2,2293476982339659.0,2.2835126949381944e+16,4449867749320325.5,9310557552734592.0,6604178276746176.0,9007531132102816.0,7317836821346857.0,0.0,1.0,5.356565237784887,15.540529538030809,1.2014412807957391e+38,2.933362034680757e-11,2.1109827596089573e-08
613590727.3413188,1.0569143313326862e+16,3000988970762477.5,371293.016550831,168548.35318336164,645136016129614.8,1141468878339961.0,1.1365096290526178e+16,2214709625443090.0,4633886351447602.0,3286915032204113.0,4483069390749193.5,3642104565393234.5,0.0,1.0,7.469142067117176,9.881718727379079,2.976062008597116e+37,5.797825070023229e-11,1.902683188343936e-08
432876128.1083061,5260287564948109.0,1493599291583057.5,261939.886359143,118907.53256031596,321085717420473.7,568111754076258.5,5656435239655236.0,1102266206231989.9,2306296170705031.5,1635905366892837.2,2231234213680317.8,1812684035736935.5,0.0,1.0,0.802385235014231,3.6574437948492973,7.371932680981876e+36,8.828612935784251e-12,9.982212581847329e-09
305385550.88334125,2618057494923072.5,743367880833934.5,184793.40851499946,83886.91210210082,159805116850117.22,282750556401747.5,2815221124420193.0,548600483745578.94,1147849029243131.5,814193949184770.6,1110490516780922.1,902177108582049.4,0.0,1.0,0.09057821633223402,0.19531465658576375,1.8260840842362487e+36,1.4126951285544668e-12,7.556124807194925e-10
215443469.00318778,1303013389395773.8,369975947376566.5,130368.0975374438,59180.55852214926,79535383521997.77,140725618747226.88,1401142192719819.5,273039754545769.06,571287168794949.0,405226248568068.06,552693749123268.94,449015674543678.0,0.0,1.0,0.25129001717534416,0.5744823481420495,4.523349674784493e+35,5.555396669334752e-12,3.1503306027808625e-09
151991108.29529333,648512834707999.8,184137900929168.3,91972.1156902692,41750.7140889792,39584947817334.89,70039472108235.71,697351771348057.4,135892529322723.86,284330970234394.56,201682058866873.94,275076981503643.9,223476159410415.94,0.0,1.0,0.28493382731220596,0.591980804775213,1.120468262379455e+35,8.92892135233087e-12,4.601529554983087e-09
107226722.20103253,322766365379017.9,91645867021017.6,64884.509193341444,29454.303251314464,19701521767795.73,34858810250592.395,347073619158842.9,67634031942785.21,141512193597920.62,100377635723256.66,136906461650775.83,111224610925070.97,0.0,1.0,0.27049986845152607,0.5993133312745502,2.7754855036025998e+34,1.2015371019128291e-11,6.603340178126001e-09
75646332.7554629,160641580901200.78,45612364051329.55,45774.73871347668,20779.428678673776,9805493824803.838,17349312038977.773,172739358389591.88,33661617137403.617,70430952325843.64,49958185898020.91,68138668708031.12,55356751043852.17,0.0,1.0,0.2716580593386341,0.5967906139966479,6.87508961596957e+33,1.7104400882684417e-11,9.320664207869429e-09
53366992.31206302,79951693272101.42,22701381046830.066,32293.173195549647,14659.476058935023,4880217376707.929,8634793478889.471,85972785617437.31,16753466157951.227,35053650893081.758,24864306804426.73,33912775956746.99,27551185409096.84,0.0,1.0,0.2692963022221198,0.5939418917911892,1.7030122515558585e+33,2.403426246474163e-11,1.3148734994966016e-08
37649358.06792464,39792146156075.31,11298530844999.475,22782.195321984545,10341.970508396253,2428895688576.8247,4297557065795.033,42788857997256.55,8338239591517.882,17446284650967.764,12375024081925.082,16878468521145.555,13712289904580.496,0.0,1.0,0.26968671659802496,0.5943032032667116,4.2184915560011935e+32,3.4117334929538546e-11,1.8649329374835948e-08
26560877.82946684,19804644894154.01,5623305421320.536,16072.388413535025,7296.055676568854,1208867106412.331,2138904278707.0828,21296115431966.24,4149961492408.1084,8683056970780.775,6159078634702.204,8400453555453.2705,6824638991792.915,0.0,1.0,0.2698012343157481,0.594359967985242,1.0449526353884232e+32,4.8380973112925965e-11,2.6437465795226238e-08
18738174.22860383,9856818424584.693,2798732356892.5225,11338.75229268607,5147.222980532378,601656006738.5131,1064537700153.0308,10599126821040.656,2065445613989.6218,4321577909039.6016,3065387942628.5625,4180925530660.9043,3396638905025.9155,0.0,1.0,0.26980919789023955,0.594377732307485,2.5884276955223395e+31,6.85807974923458e-11,3.747554141996697e-08
13219411.484660288,4905761755221.378,1392935688520.999,7999.265600410337,3631.2639990773746,299445612021.74036,529822922599.4694,5275210390255.769,1027977150021.7134,2150859505974.4705,1525650798415.8088,2080856490961.0852,1690515186147.2566,0.0,1.0,0.26980698680080933,0.5943768576410107,6.411733829421813e+30,9.721069995737805e-11,5.312052702495254e-08
9326033.46883218,2441609183549.8765,693267373885.9578,5643.323752565456,2561.784904494639,149034786459.74802,263694117473.6921,2625484637539.9033,511626650323.8486,1070487842032.2517,759319994331.9792,1035647180145.2964,841373390805.347,0.0,1.0,0.2698074210196053,0.5943761738761221,1.5882357053699313e+30,1.3779385315725522e-10,7.529687475972166e-08
6579332.246575682,1215194642426.9888,345040805100.66174,3981.2533519214885,1807.2885450706983,74174964209.91808,131241183905.58568,1306709887566.0933,254637789716.0084,532784319690.6055,377915348187.72864,515444042742.6724,418753518515.9494,0.0,1.0,0.26980744718280975,0.5943764392349317,3.934182093807658e+29,1.9531919693224783e-10,1.067313955765424e-07
4641588.833612773,604805235839.9323,171727621393.7083,2808.6955414904733,1275.0062790237648,36917054332.69927,65319046674.056816,650352587864.2289,126733828142.59161,265168010090.38983,188089357714.61566,256537715207.48795,208414612412.56204,0.0,1.0,0.26980753030238513,0.5943765655683414,9.745272887463282e+28,2.768599026605766e-10,1.5128897431292355e-07
3274549.1628777315,301012990208.7864,85469241573.63206,1981.4791865357322,899.4916630198509,18373704833.70537,32509443579.89188,323682013843.3897,63075725024.05056,131974742566.58142,93612515421.21323,127679425747.16264,103728443351.01526,0.0,1.0,0.26980764212585767,0.5943768882870882,2.413979713725294e+28,3.924417249548579e-10,2.144482213010517e-07
2310129.700083158,149814873967.9323,42538242758.35747,1397.8944017175238,634.5735251419735,9144636122.943985,16180026770.629065,161097299888.40146,31392937066.464607,65684139736.77366,46591168724.99134,63546351337.14288,51625890438.30108,0.0,1.0,0.2698078060672454,0.5943773146395364,5.979616312007291e+27,5.562759492077834e-10,3.039748155185793e-07
1629750.83462064,74563215391.4958,21171383534.27615,986.1868726848041,447.67901593090016,4551306898.0052595,8052837517.109919,80178504962.60852,15624338814.612186,32691150681.962708,23188533903.341286,31627168995.042118,25694327148.46626,0.0,1.0,0.26980803361578126,0.5943779168616501,1.481198107312565e+27,7.885066578705001e-10,4.308764506312566e-07
1149756.9953977356,37110287710.487175,10537047384.839325,695.7353497628325,315.8286342931252,2265196133.1549077,4007916254.620121,39905030282.63213,7776270288.324509,16270462413.4116,11540987569.85152,15740916670.1569,12788127043.785458,0.0,1.0,0.26980835770663675,0.594378770051198,3.669046039111673e+26,1.1176875645063691e-09,6.10756242461264e-07
811130.8307896855,18469877436.277237,5244313250.871832,490.82754221511186,222.8107965695355,1127393428.7799277,1994749397.2078965,19860827203.03224,3870268077.141891,8097847261.537399,5743976430.166158,7834291414.389864,6364680876.454909,0.0,1.0,0.26980881682790625,0.5943799792280191,9.088525549179165e+25,1.5842927409366275e-09,8.657312061650341e-07
572236.765935022,9192501377.990229,2610107018.703431,346.2691345899552,157.1885508240945,561106348.843287,992791498.6540532,9884780215.560247,1926241563.3816094,4030317507.420832,2858790407.712229,3899145364.9632363,3167716608.2330117,0.0,1.0,0.26980946754818663,0.594381692951453,2.251303620593332e+25,2.2456930132384016e-09,1.2271516414398548e-06
403701.72585965495,4575129494.953613,1299056382.608229,244.2860355137612,110.89335361348485,279263939.8303944,494114684.66878706,4919678205.639371,958694980.2155286,2005898410.0641096,1422826583.5613873,1940613883.4947844,1576579976.7308283,0.0,1.0,0.2698103896950201,0.5943841215677417,5.576673601127148e+24,3.183209784812929e-09,1.7394557936267056e-06
284803.5868435805,2277052658.4235816,646543400.8013529,172.33897485192767,78.23300702435641,138990312.3164383,245922054.44002748,2448535294.445524,477144761.3855171,998340287.4747752,708144045.4486407,965848136.108248,784667538.7058406,0.0,1.0,0.26981169633648566,0.5943875630279378,1.3813925788575023e+24,4.512113519910786e-09,2.4656337370259485e-06
200923.30025650456,1133294422.8797708,321786158.6202367,121.58174535357237,55.191777930779175,69175799.89115253,122395994.1290411,1218641686.101183,237476079.60101476,496876258.5838357,352444890.98601604,480704916.8353251,390530861.2876148,0.0,1.0,0.26981354751393777,0.5943924391235297,3.4218427976505504e+23,6.395796063558458e-09,3.494972289936071e-06
141747.4162926802,564043268.867806,160153718.48295024,85.77352262720278,38.936645973717305,34428954.331937656,60916780.435893044,606520768.4512521,118192409.70589381,247296445.94346437,175412603.98983386,239247986.46548334,194368114.5853187,0.0,1.0,0.2698161695952176,0.594399346665636,8.476263858197758e+22,9.065858988662022e-09,4.9540332325533105e-06
99999.99999999999,280725638.6934591,79708875.36877404,60.51152834380532,27.468971252425224,17135368.679455757,30318429.218320623,301866766.0367076,58824644.55586664,123079996.503016,87303231.9489327,119074298.3507587,96737457.82332036,0.0,1.0,0.26981988247925565,0.5944091294939831,2.099669678580669e+22,1.2850587177200556e-08,7.022214634387692e-06
70548.02310718631,139717794.0044093,39671289.65946257,42.68968930751488,19.37875277208946,8528311.238862792,15089556.52194784,150239765.76136473,29277166.84536166,61257184.97330243,43450999.993578464,59263567.14490906,48146453.08018268,0.0,1.0,0.2698251376639236,0.5944229794533324,5.20116290067313e+21,1.821530706001173e-08,9.953808579714622e-06
49770.23564332114,69537862.69445401,19744490.508257616,30.11673209879011,13.671262621749655,4244559.096416103,7510109.853804676,74774660.74068893,14571316.786532147,30487831.682577256,21625647.963032342,29495622.849504653,23962597.766380575,0.0,1.0,0.26983257121503335,0.5944425773597178,1.288410174831759e+21,2.581958852204522e-08,1.4109267214563155e-05
35111.917342151275,34609149.22312508,9826876.74484721,21.24675638319382,9.644739808709636,2112526.003565708,3737800.7930571917,37215507.42057086,7252180.011679191,15173856.05726688,10763123.870545506,14680045.110163191,11926237.575183565,0.0,1.0,0.2698430768608499,0.5944702884579046,3.191639294722628e+20,3.65983168904767e-08,1.9999520880453393e-05
24770.763559917137,17225048.842899904,4890857.802047598,14.989159672014628,6.804105660698843,1051408.4216682469,1860313.2656000452,18522233.441508066,3609428.0057462966,7552057.1336148055,5356823.590741498,7306295.945862911,5935713.86415877,0.0,1.0,0.2698579056050682,0.5945094307162745,7.906457113522766e+19,5.187658842164543e-08,2.8348795793534423e-05
17475.28400007683,8572942.968686793,2434190.105393919,10.57454295372509,4.800091727561034,523287.92110171384,925883.003604095,9218550.55459285,1796421.4761507297,3758671.846560997,2666097.711877863,3636362.7563397926,2954216.886348735,0.0,1.0,0.2698787988921682,0.5945646375153149,1.9586733979843408e+19,7.353252359729188e-08,4.018365003539329e-05
12328.467394420633,4266770.791759974,1211501.2006814643,7.4601097050458325,3.386295690791388,260441.2589741939,460814.651882229,4588088.213453074,894083.6620101129,1870696.4595356344,1326918.8721917244,1809827.756983393,1470319.3717241464,0.0,1.0,0.2699081612146837,0.5946423363337713,4.852428256089175e+18,1.0422794286996783e-07,5.6959160652790036e-05
8697.490026177835,2123579.6725929594,602966.3316164521,5.262926673457,2.388885115921859,129621.96554447191,229348.89030297176,2283497.9975263695,444987.87006834947,931047.654688678,660407.657216907,900756.5583071507,731780.4748935377,0.0,1.0,0.26994927230040994,0.5947513560398605,1.2022099124232292e+18,1.4773509466460539e-07,8.07377346371745e-05
6135.907273413163,1056909.0516893482,300097.2908421531,3.7128405514541236,1.6852239911902172,64512.972322955895,114147.73160833775,1136499.2881696632,221471.7405303287,463382.93165954493,328684.33623665525,448309.38045717985,364208.2028091013,0.0,1.0,0.2700065225491912,0.5949036443762907,2.978760710755859e+17,2.0939919232343465e-07,0.0001144424063900257
4328.7612810830615,526025.0282611714,149358.79491243543,2.6192614411626547,1.1887940917832387,32108.12756547375,56811.77028763792,565636.2248723971,110227.1686973307,230625.59178489595,163585.4794419934,223125.14216280053,181266.81238223784,0.0,1.0,0.270085615291179,0.5951149964235599,7.381409440176163e+16,2.967925994229226e-07,0.00016221541147632733
3053.8555088334124,261803.12201238357,74335.98859471758,1.8477289913289334,0.8385571857754434,15980.19848470822,28275.475606761796,281516.9660081273,54860.435563164145,114782.06432208345,81415.82799686979,111050.26676996436,90216.58923360339,0.0,1.0,0.27019358883341144,0.5954055059483283,1.8294119280196612e+16,4.206384689160496e-07,0.00022992510824833179
2154.434690031878,130299.48466530823,36997.03046114106,1.3033799131706723,0.5914501199436245,7953.31734831861,14072.858081078353,140110.58788968186,27304.248438743594,57126.713988272844,40520.10828733783,55270.23181801168,44900.775944004,0.0,1.0,0.2703383147956808,0.5957990337543402,4535036689241786.0,5.961105351958609e-07,0.00032588066562311844
1519.9110829529332,64849.97533762541,18413.391941273178,0.9192841418191453,0.41709002781417764,3958.3388608789605,7004.156178040557,69732.6153009326,13589.445485721773,28431.683999090288,20166.430525076907,27508.30264263797,22347.057547109627,0.0,1.0,0.27052671395224154,0.5963200924273144,1124572904749856.8,8.446505850367917e-07,0.00046183408023625877
1072.267222010321,32275.713801029615,9164.305777962623,0.6482155468475405,0.2940386542830474,1970.0421770957728,3486.028458081324,34705.554739714666,6763.539027358178,14150.222520705645,10036.511150722608,13691.072629032262,11122.067193640296,0.0,1.0,0.2707600687652121,0.5969846717869038,278990316612538.78,1.196477612561327e-06,0.0006543690446094318
756.4633275546291,16063.507135337979,4561.038152196075,0.4568454318398207,0.20716651262370336,980.4717727200735,1735.0352141654535,17272.660943413124,3366.257509221805,7042.39195689808,4994.935058641072,6814.167693755019,5535.397216532519,0.0,1.0,0.2710230519769838,0.5977776708384198,69257402322419.84,1.6939620233188363e-06,0.0009267801679133155
533.6699231206302,7994.710155683447,2269.998187816967,0.3216450783365267,0.1457928774398951,487.966981191113,863.5527292704297,8596.379229512779,1675.4141752617147,3504.8689371318874,2485.8074086143674,3391.4898010555403,2754.9225125126586,0.0,1.0,0.2712595762447774,0.5986018365142268,17208102709170.18,2.395908737061655e-06,0.0013114835339738586
376.4935806792471,3978.8907314374483,1129.7543191994378,0.22599406576934022,0.10237316949522213,242.85093418682803,429.80747859978527,4278.251407154759,833.8715961719467,1744.278429237951,1237.0627404651175,1687.9965344963844,1371.0907081772239,0.0,1.0,0.27132182481346007,0.5991680695877237,4281051636383.3623,3.3822600072974814e-06,0.0018527231469890825
265.6087782946684,1980.236051610321,562.2608095442464,0.15814028198563193,0.07157302036499101,120.85944982011874,213.92695532795415,2129.1640644196345,415.0297321749536,868.058745077188,615.5977259904585,840.1509308166419,682.3663569581976,0.0,1.0,0.2708669580662997,0.5987701452579043,1066952426149.5409,4.75705582425553e-06,0.002608446662777112
187.3817422860379,985.5207392409712,279.82398486194205,0.10976464633005756,0.04961693566542755,60.14636382145907,106.47954263740178,1059.597066314166,206.5682292682423,431.98356213692307,306.3200375201626,418.16701126491546,339.595089270818,0.0,1.0,0.26915953852772206,0.5958486140134939,266584114840.64444,6.642894053786508e-06,0.0036477333981438736
132.19411484660287,490.4625749851933,139.25876737898164,0.07498338627502432,0.03383568876865768,29.93098506773119,53.00047750554126,527.2984493958626,102.81438789184615,214.9630264263466,152.41079023328416,208.138154613469,169.0029934039719,0.0,1.0,0.2647333058640905,0.5872337310972222,66843833192.83001,9.149210080660575e-06,0.005034143785482747
93.26033468832179,244.08083018493883,69.30212973902769,0.049683650096893524,0.02236499413238176,14.893896045617696,26.382244274265393,262.39150243280903,51.17440315910097,106.96205452338175,75.82319016330402,103.6017364572718,84.10311826886519,0.0,1.0,0.25495142169243135,0.56713573132064,16843842493.441511,1.227742176815734e-05,0.006774486045665876
65.79332246575683,121.46301834264679,34.486664450419674,0.031129522293758177,0.013966249413382686,7.410731176558958,13.133174686462409,130.5603268844014,25.47203574333289,53.217236826439226,37.71481101288171,51.57049692821737,41.85122251066011,0.0,1.0,0.2358942204347376,0.5268048517493797,4273848904.705621,1.5719676009489407e-05,0.008707944680059258
46.41588833612772,60.44075672775945,17.160419659295854,0.01774236145134196,0.007924406520819344,3.6869277697940546,6.538296910385293,64.95726017022965,12.679183580462313,26.4736200109508,18.754847588288744,25.67215627652673,20.824451216006803,0.0,1.0,0.20384228322774586,0.4576829530246548,1094821479.877533,1.8618769084668198e-05,0.010369576800722953
32.745491628777316,30.073298746339347,8.538161066009565,0.008783449360840339,0.0038996187774372796,1.8339950077816995,3.2554571693186216,32.31324592446463,6.311640636159767,13.167001929322065,9.323132290307637,12.780889603684155,10.360856822338384,0.0,1.0,0.15947694302491072,0.3607155163069826,284148530.9982457,1.9706388140729915e-05,0.011056395344836732
23.101297000831583,14.961787997948925,4.247586484707376,0.003652336971771546,0.001608562102152623,0.9120773367655874,1.6211895939171554,16.071030846170878,3.142139546548477,6.5469074309509265,4.632263311813053,6.363746015593768,5.154144781239775,0.0,1.0,0.11119718574105081,0.2540888658368798,75062007.06628348,1.8263445547749815e-05,0.010351759127436815
16.297508346206403,7.442477947213757,2.112682272826897,0.0012773461006590292,0.0005563324120267832,0.4534422532611106,0.8075352874551863,7.99061962562675,1.5644174806320406,3.253933808737119,2.2999474489884446,3.1691215451125965,2.5634881006812615,0.0,1.0,0.07020959961582558,0.16276799615292536,20299176.370668657,1.4972065409337411e-05,0.008609815426700859
11.497569953977356,3.701315916659836,1.0505058479827534,0.0003892180464639516,0.00016683382431660523,0.22532345673785853,0.4023832842277364,3.9713624606011932,0.7790024230477128,1.6163274834594163,1.1407995580285397,1.5785872421092386,1.274631479632034,0.0,1.0,0.04180599729598101,0.09896968510915864,5658945.959955039,1.122848655451142e-05,0.006593627806856508
8.111308307896856,1.840188455798792,0.5221196820189581,0.00010823005034567945,4.5324798302937774e-05,0.11189043465416901,0.20060109101166645,1.9726492298766556,0.3879732495056163,0.8022143696174784,0.5650536838462618,0.7865780810210184,0.6335308103082132,0.0,1.0,0.024479914858746083,0.05975069676982903,1639019.4886274033,7.970737609475987e-06,0.004825820776888837
5.72236765935022,0.9145054954453747,0.25932545655506634,2.8532072988112916e-05,1.154743708515714e-05,0.05550663809424981,0.10007692752967942,0.9790701050676374,0.19326815358681496,0.39768280064034317,0.27932513503548795,0.3921136974774895,0.31471183944458714,0.0,1.0,0.01449936275151024,0.03701325822280494,497171.1132317196,5.46475002691677e-06,0.0034603362921709836
4.03701725859655,0.45421668600451176,0.1286629630544552,7.310449502147138e-06,2.8126642839883328e-06,0.02749508247139575,0.049977632365303164,0.48539895967460567,0.09630036548378143,0.19680842489985126,0.13769667300987978,0.19559084122567585,0.15621703099745096,0.0,1.0,0.008797352578826162,0.024001598690469233,159082.03726334896,3.6384186739165977e-06,0.00246229707502056
2.8480358684357934,0.2254292516207489,0.06372483042820469,1.8468475282807652e-06,6.584436630650543e-07,0.013589406734647721,0.024995039597092875,0.24028632501953606,0.047995311170035936,0.09715899145769441,0.06761617899597341,0.09764227185874078,0.0774621377126393,0.0,1.0,0.0054606194942526404,0.01647378631880406,53970.283992991426,2.3373490634520554e-06,0.0017491002176575506
2.009233002565046,0.11177109319300513,0.031471385713868726,4.6372400003266056e-07,1.4691980973995463e-07,0.006693596601975106,0.012527310164134386,0.11870742015892143,0.02392303726669432,0.04779381170052239,0.03302450983551526,0.048795609140691094,0.038355979413471165,0.0,1.0,0.0034067398027537196,0.012028014809527554,19452.781892758518,1.420522628447597e-06,0.0012440640801098686
1.417474162926802,0.05534949128347009,0.015466889243261695,1.1625151215380748e-07,3.0372752222982625e-08,0.003279016342583227,0.006298326429021581,0.0584881684167595,0.011920886329818768,0.023387886830550493,0.01601032509429713,0.024416317722990338,0.018956205310181436,0.0,1.0,0.0020374526344445814,0.009348639564325235,7437.594993271212,7.801901271024947e-07,0.0008879754316338843
1.0,0.027369356576493524,0.007537176920869315,2.9180862230418433e-08,5.368805758970437e-09,0.0015915683328539087,0.003181544644717903,0.028720366948084036,0.005932791538653525,0.011356886971839546,0.00768401237660511,0.012235281549676898,0.009345292870423964,0.0,1.0,0.0010180781351029912,0.007719564245322242,3002.222068166616,3.3910820451889717e-07,0.0006378074357117215
