0_5_re,integrand_re,0_2_im,0_4_re,0_0_re,rescaled_integrand_re,rescaled_integrand_im,0_5_im,0_3_re,0_1_im,deform_jac_im,0_3_im,0_0_im,param_jac,0_1_re,integrand_im,deform_jac_re,0_4_im,0_2_re
0.0,-219028821550.25635,0.0,0.0,273529821057.9605,-0.0002565854121688506,2.0688183139050922e-06,0.0,0.0,602555351785.9052,-5.5511151231257984e-18,0.0,-602555351785.9052,2.1174292597673153e+62,-273529821057.9605,438057643100.5127,1.0,0.0,0.0
0.0,-1.357290375867217e-07,0.0,0.0,199151788512.16443,-2.4005346466025946e-22,-1.2106696272294027e-07,0.0,0.0,438708933167.1507,-7.993605777301159e-18,0.0,-438708933167.1507,4.924463714304969e+61,-199151788512.16443,-16979701197.192041,1.0,0.0,0.0
0.0,91262008979.27304,0.0,0.0,134888139212.59233,0.0002108869925205114,9.35196501358509e-07,0.0,0.0,297143360313.0505,-1.1102230246251628e-17,0.0,-297143360313.0505,1.3233932873545647e+61,-134888139212.59233,100388209877.20033,1.0,0.0,0.0
0.0,-17956704434.325417,0.0,0.0,95500357605.27565,-5.923717319932031e-05,-3.582168245931152e-07,0.0,0.0,210376518911.01544,-1.5765166949677348e-17,0.0,-210376518911.01544,3.2548842581354575e+60,-95500357605.27565,-26935056651.488125,1.0,0.0,0.0
0.0,-13155149524.064201,0.0,0.0,67855584124.107506,-6.239792186871752e-05,-1.2577679535681467e-07,0.0,0.0,149478200235.7101,-2.242650509742841e-17,0.0,-149478200235.7101,7.948468357301387e+59,-67855584124.107506,-6577574762.032101,1.0,0.0,0.0
0.0,-6547373701.532519,0.0,0.0,47760566147.58983,-4.3818213499528264e-05,-5.88835258950551e-08,0.0,0.0,105211141605.1305,-3.1752378504279974e-17,0.0,-105211141605.1305,1.9779932031506305e+59,-47760566147.58983,-2182457900.5108395,1.0,0.0,0.0
0.0,-6448921926.341514,0.0,0.0,33794343380.089355,-6.154165961904668e-05,3.721524289274862e-07,0.0,0.0,74445127719.5427,-4.507505479978237e-17,0.0,-74445127719.5427,4.870626116455998e+58,-33794343380.089355,9673382889.51227,1.0,0.0,0.0
0.0,-3183693974.4733295,0.0,0.0,23883141830.906918,-4.3216913312855887e-05,5.807549032525706e-08,0.0,0.0,52611868322.12158,-6.394884621841105e-17,0.0,-52611868322.12158,1.2022616490001694e+58,-23883141830.906918,1061231324.8244433,1.0,0.0,0.0
0.0,1317374836.9607084,0.0,0.0,16829892960.49262,2.5290478133731772e-05,1.121527998747927e-07,0.0,0.0,37074356405.11033,-9.059419880941682e-17,0.0,-37074356405.11033,2.984889734757348e+57,-16829892960.49262,1449112320.6567786,1.0,0.0,0.0
0.0,649629527.9340761,0.0,0.0,11900705293.869776,1.775994355550163e-05,-7.159817888899255e-08,0.0,0.0,26215911804.83652,-1.285638262516013e-16,0.0,-26215911804.83652,7.359608119581535e+56,-11900705293.869776,-649629527.9340763,1.0,0.0,0.0
0.0,-322964358.9081222,0.0,0.0,8381038261.723427,-1.247171340244086e-05,-4.525108810197939e-08,0.0,0.0,18462482220.73717,-1.8207657603854206e-16,0.0,-18462482220.73717,1.8294204742467196e+56,-8381038261.723427,-290667923.01730984,1.0,0.0,0.0
0.0,-223485412.02376688,0.0,0.0,5919487304.618036,-1.2261361562842198e-05,1.765391627865689e-08,0.0,0.0,13039963033.758736,-2.5823787552784435e-16,0.0,-13039963033.758736,4.5211621784120963e+55,-5919487304.618036,79816218.57991682,1.0,0.0,0.0
0.0,2.3180809031514506e-08,0.0,0.0,4173434714.7184515,1.800456463975214e-21,1.9835611172526604e-08,0.0,0.0,9193606068.092834,-3.659295089165177e-16,0.0,-9193606068.092834,1.1213472319723882e+55,-4173434714.7184515,63347744.488141075,1.0,0.0,0.0
0.0,6.104399657641359e-09,0.0,0.0,2944282189.2678604,6.720693107054686e-22,5.223497549406091e-09,0.0,0.0,6485921657.278717,-5.186961971050061e-16,0.0,-6485921657.278717,2.7776504464084673e+54,-2944282189.2678604,11768738.023744503,1.0,0.0,0.0
0.0,11649839.122424897,0.0,0.0,2078112030.739818,1.8197659606831303e-06,1.9563414847112063e-08,0.0,0.0,4577846469.865335,-7.35411731511971e-16,0.0,-4577846469.865335,6.873969998674173e+53,-2078112030.739818,31066237.659799654,1.0,0.0,0.0
0.0,9624709.82227969,0.0,0.0,1465645761.3560164,2.1298490664522066e-06,8.586362563025049e-10,0.0,0.0,3228652341.8607054,-1.0422773755186336e-15,0.0,-3228652341.8607054,1.7037136530995522e+53,-1465645761.3560164,962470.9822279587,1.0,0.0,0.0
0.0,5720579.709485142,0.0,0.0,1034101062.5226467,1.794794024940685e-06,-1.205934610330745e-09,0.0,0.0,2278008032.5450363,-1.4774848011722367e-15,0.0,-2278008032.5450363,4.21927428404695e+52,-1034101062.5226467,-953429.9515808658,1.0,0.0,0.0
0.0,1416955.0036019264,0.0,0.0,729557490.7071587,6.301865944990424e-07,3.810840872217469e-09,0.0,0.0,1607132885.039518,-2.094324713655062e-15,0.0,-1607132885.039518,1.0450902027352953e+52,-729557490.7071587,2125432.50540288,1.0,0.0,0.0
0.0,-1871734.8490680892,0.0,0.0,514717929.6831602,-1.1801098461963874e-06,2.6761185941878692e-09,0.0,0.0,1133865558.0268857,-2.9687363678520225e-15,0.0,-1133865558.0268857,2.588471071646733e+51,-514717929.6831602,1052850.8526008076,1.0,0.0,0.0
0.0,-695410.1474295128,0.0,0.0,363137519.82848364,-6.215387906145966e-07,-1.4616568536409318e-09,0.0,0.0,799951007.7574933,-4.2081893525479414e-15,0.0,-799951007.7574933,6.411339193145134e+50,-363137519.82848364,-405655.9193338785,1.0,0.0,0.0
0.0,459353.7134300787,0.0,0.0,256186907.1814412,5.819578304266731e-07,2.9326614072929695e-10,0.0,0.0,564350868.1529667,-5.965006266723618e-15,0.0,-564350868.1529667,1.5881306578483291e+50,-256186907.1814412,57419.21417875705,1.0,0.0,0.0
0.0,-56898.84268205224,0.0,0.0,180725060.00993532,-1.0216827619279744e-07,-7.207995544777515e-10,0.0,0.0,398116928.1278099,-8.455014466370657e-15,0.0,-398116928.1278099,3.9343448770534286e+49,-180725060.00993532,-99572.97469358947,1.0,0.0,0.0
0.0,70469.20165331349,0.0,0.0,127499935.78440987,1.7936620343358046e-07,1.5185192626249291e-09,0.0,0.0,280867981.2761824,-1.1984857550899523e-14,0.0,-280867981.2761824,9.745370184909216e+48,-127499935.78440987,147985.32347195374,1.0,0.0,0.0
0.0,-27929.460150755993,0.0,0.0,89948289.26483998,-1.0076626094296327e-07,2.0311665840668024e-10,0.0,0.0,198145938.4246106,-1.6988188633746864e-14,0.0,-198145938.4246106,2.4140238026681857e+48,-89948289.26483998,13964.73007537859,1.0,0.0,0.0
0.0,-13836.22853309893,0.0,0.0,63457777.62743596,-7.076193250214104e-08,-2.139544596236649e-10,0.0,0.0,139790328.4332516,-2.408051535980117e-14,0.0,-139790328.4332516,5.979525711876777e+47,-63457777.62743596,-10377.17139982368,1.0,0.0,0.0
0.0,-5141.096871603634,0.0,0.0,44767825.83159888,-3.726880687479311e-08,-3.505763940602404e-10,0.0,0.0,98618472.15943094,-3.4133362803466144e-14,0.0,-98618472.15943094,1.4811994399322575e+47,-44767825.83159888,-11995.892700407348,1.0,0.0,0.0
0.0,1697.965965145998,0.0,0.0,31582995.625344366,1.744772355237886e-08,1.9343357581982767e-10,0.0,0.0,69573777.97420841,-4.838329736971581e-14,0.0,-69573777.97420841,3.669002402711469e+46,-31582995.625344366,4669.406404150791,1.0,0.0,0.0
0.0,420.6002382616709,0.0,0.0,22281149.817563504,6.126230271800924e-09,1.9758032655658652e-10,0.0,0.0,49082860.56239913,-6.858202894709821e-14,0.0,-49082860.56239913,9.088422950985097e+45,-22281149.817563504,3364.801906091492,1.0,0.0,0.0
0.0,-625.1186261981339,0.0,0.0,15718869.447085982,-1.2906221455341648e-08,-5.2030680708671026e-11,0.0,0.0,34626896.88773658,-9.721312644229145e-14,0.0,-34626896.88773658,2.2512835833976992e+45,-15718869.447085982,-625.1186261980123,1.0,0.0,0.0
0.0,-412.92427402547924,0.0,0.0,11089353.587248875,-1.2084324825050103e-08,2.4358626137325316e-11,0.0,0.0,24428595.485961925,-1.3779710706757067e-13,0.0,-24428595.485961925,5.576599386546779e+44,-11089353.587248875,206.46213701281073,1.0,0.0,0.0
0.0,153.42700044729128,0.0,0.0,7823313.177861994,6.3645572158954655e-09,4.276390337508959e-11,0.0,0.0,17233876.752138447,-1.9532375718719954e-13,0.0,-17233876.752138447,1.381368563026072e+44,-7823313.177861994,255.7116674120389,1.0,0.0,0.0
0.0,101.34655166230539,0.0,0.0,5519198.78956714,5.959248183569771e-09,9.009135843197823e-12,0.0,0.0,12158172.573251933,-2.768665297404688e-13,0.0,-12158172.573251933,3.4217479655462986e+43,-5519198.78956714,38.004956873332524,1.0,0.0,0.0
0.0,-3.448275234097479e-11,0.0,0.0,3893686.237633737,-2.874085640310631e-21,-2.952394975140895e-11,0.0,0.0,8577351.718786161,-3.924511827385958e-13,0.0,-8577351.718786161,8.475928369090172e+42,-3893686.237633737,-87.86507432681911,1.0,0.0,0.0
0.0,-18.655579205153366,0.0,0.0,2746919.13423968,-2.2040519077889273e-09,2.0732849665710827e-11,0.0,0.0,6051153.102746821,-5.562894590945754e-13,0.0,-6051153.102746821,2.0995514612775728e+42,-2746919.13423968,43.5296848120914,1.0,0.0,0.0
0.0,9.242259950877681,0.0,0.0,1937897.0283489379,1.5477697680851372e-09,6.239743746248033e-12,0.0,0.0,4268968.631115579,-7.88525911539947e-13,0.0,-4268968.631115579,5.200749912919255e+41,-1937897.0283489376,9.242259950863104,1.0,0.0,0.0
0.0,-3.0525052910272015,0.0,0.0,1367147.8619054186,-7.246021888229266e-10,-3.651489444240749e-12,0.0,0.0,3011672.5767485746,-1.1177150322570703e-12,0.0,-3011672.5767485746,1.2882658065393982e+41,-1367147.8619054186,-3.8156316137752593,1.0,0.0,0.0
0.0,5.989798529756736e-13,0.0,0.0,964495.5708351134,2.0154423753312657e-22,5.128431821681326e-13,0.0,0.0,2124674.9837444187,-1.5843320001672429e-12,0.0,-2124674.9837444187,3.191134217827936e+40,-964495.5708351133,0.37806460572180894,1.0,0.0,0.0
0.0,1.1237936053610749,0.0,0.0,680432.6399895396,5.35994067529411e-10,7.202762968660854e-13,0.0,0.0,1498916.3788399813,-2.245749810829758e-12,0.0,-1498916.3788399813,7.90468122283505e+39,-680432.6399895394,0.3745978684508874,1.0,0.0,0.0
0.0,0.9279075608978057,0.0,0.0,480031.76643833483,6.273259798328638e-10,1.0116112719616722e-12,0.0,0.0,1057455.852182226,-3.1832923014327968e-12,0.0,-1057455.8521822265,1.9580499759459926e+39,-480031.76643833466,0.37116302435569587,1.0,0.0,0.0
0.0,-0.551639489040501,0.0,0.0,338652.9223106261,-5.286388308121301e-10,-1.2431863977230087e-12,0.0,0.0,746014.2008516211,-4.5122345960316445e-12,0.0,-746014.2008516217,4.8502392810193984e+38,-338652.9223106259,-0.3217897019369561,1.0,0.0,0.0
0.0,-0.45548436950028115,0.0,0.0,238912.9443958106,-6.187174310459737e-10,-2.120174818976265e-12,0.0,0.0,526298.2764703988,-6.395975991282604e-12,0.0,-526298.2764703996,1.2014412807957391e+38,-238912.94439581028,-0.3871617140702208,1.0,0.0,0.0
0.0,-0.6995271800069318,0.0,0.0,168548.35318672835,-1.3469100284155184e-09,-2.9777361197654084e-12,0.0,0.0,371293.01654930285,-9.0661305535949e-12,0.0,-371293.016549304,2.976062008597116e+37,-168548.35318672782,-0.3836116793503908,1.0,0.0,0.0
0.0,-0.6148582005892103,0.0,0.0,118907.53256368288,-1.6781242885036653e-09,-3.321127837151966e-12,0.0,0.0,261939.88635761492,-1.2851005896633096e-11,0.0,-261939.88635761652,7.371932680981876e+36,-118907.53256368215,-0.3018394802794429,1.0,0.0,0.0
0.0,-0.5815284755832734,0.0,0.0,83886.91210546806,-2.2497552499423137e-09,-4.9667718894432005e-12,0.0,0.0,184793.4085134714,-1.8215968675287636e-11,0.0,-184793.4085134737,1.8260840842362487e+36,-83886.91210546701,-0.3184560699484989,1.0,0.0,0.0
0.0,-0.5926589182384521,0.0,0.0,59180.558525516935,-3.2500067811934493e-09,-6.247814628065444e-12,0.0,0.0,130368.0975359157,-2.5820665046805592e-11,0.0,-130368.09753591898,4.523349674784493e+35,-59180.55852551545,-0.2826105026597386,1.0,0.0,0.0
0.0,-0.5913025107186587,0.0,0.0,41750.71409234749,-4.596257103371435e-09,-7.646098789396936e-12,0.0,0.0,91972.11568874112,-3.660012559252278e-11,0.0,-91972.11568874573,1.120468262379455e+35,-41750.71409234539,-0.2439972429034071,1.0,0.0,0.0
0.0,-0.5980022683685693,0.0,0.0,29454.303254683626,-6.588894655372981e-09,-1.1860505104175398e-11,0.0,0.0,64884.50919181336,-5.187973228524578e-11,0.0,-64884.50919181991,2.7754855036025998e+34,-29454.303254680653,-0.26701340019717984,1.0,0.0,0.0
0.0,-0.5928525459440938,0.0,0.0,20779.42868204418,-9.259159537580159e-09,-1.7119936241664525e-11,0.0,0.0,45774.7387119486,-7.353818021884935e-11,0.0,-45774.73871195788,6.87508961596957e+33,-20779.428682039965,-0.27190479732733136,1.0,0.0,0.0
0.0,-0.5951847393261078,0.0,0.0,14659.476062307185,-1.3176249257054027e-08,-2.4243693437686017e-11,0.0,0.0,32293.173194021565,-1.0423847033831625e-10,0.0,-32293.173194034724,1.7030122515558585e+33,-14659.476062301212,-0.27164290997292734,1.0,0.0,0.0
0.0,-0.5953772256873727,0.0,0.0,10341.97051177091,-1.8683032369820275e-08,-3.399790790162253e-11,0.0,0.0,22782.195320456463,-1.4775533853535238e-10,0.0,-22782.195320475115,4.2184915560011935e+32,-10341.970511762445,-0.26874268380360394,1.0,0.0,0.0
0.0,-0.5942991583886112,0.0,0.0,7296.055679947045,-2.6434760950153317e-08,-4.8480348124158e-11,0.0,0.0,16072.388412006945,-2.0943937464059003e-10,0.0,-16072.388412033382,1.0449526353884232e+32,-7296.055679935045,-0.2703554087972734,1.0,0.0,0.0
0.0,-0.5942760706772203,0.0,0.0,5147.222983915579,-3.746913164983474e-08,-6.857992294727278e-11,0.0,0.0,11338.752291157987,-2.968749020120596e-10,0.0,-11338.752291195462,2.5884276955223395e+31,-5147.222983898569,-0.26980575727255507,1.0,0.0,0.0
0.0,-0.59434285035126,0.0,0.0,3631.2640024676775,-5.311748773240435e-08,-9.72300766468874e-11,0.0,0.0,7999.265598882255,-4.208125030579622e-10,0.0,-7999.265598935374,6.411733829421813e+30,-3631.2640024435655,-0.26986076654123897,1.0,0.0,0.0
0.0,-0.5943683371542186,0.0,0.0,2561.7849078950076,-7.529588198663683e-08,-1.377716005394092e-10,0.0,0.0,5643.323751037375,-5.96490849950454e-10,0.0,-5643.323751112668,1.5882357053699313e+30,-2561.7849078608297,-0.26976384925428776,1.0,0.0,0.0
0.0,-0.5943580927840736,0.0,0.0,1807.288548485336,-1.0672810112848776e-07,-1.9530230168792053e-10,0.0,0.0,3981.2533503934073,-8.455103669295667e-10,0.0,-3981.2533505001347,3.934182093807658e+29,-1807.2885484368896,-0.2697841086538117,1.0,0.0,0.0
0.0,-0.5943586589766712,0.0,0.0,1275.0062824586273,-1.5128441647864108e-07,-2.7683800133693556e-10,0.0,0.0,2808.6955399623926,-1.1984890969802283e-09,0.0,-2808.695540113675,9.745272887463282e+28,-1275.006282389956,-0.2697861868648373,1.0,0.0,0.0
0.0,-0.5943525166255925,0.0,0.0,899.4916664833819,-2.1443942812695475e-07,-3.9243245870391004e-10,0.0,0.0,1981.4791850076515,-1.6988273242898479e-09,0.0,-1981.4791852220908,2.413979713725294e+28,-899.491666386042,-0.2698012714849176,1.0,0.0,0.0
0.0,-0.5943548816431259,0.0,0.0,634.5735286461415,-3.0396334289710226e-07,-5.562466665498482e-10,0.0,0.0,1397.8944001894433,-2.408043829350403e-09,0.0,-1397.8944004934058,5.979616312007291e+27,-634.5735285081646,-0.26979360324272184,1.0,0.0,0.0
0.0,-0.5943527538337616,0.0,0.0,447.67901949266997,-4.308582094486081e-07,-7.884684978845923e-10,0.0,0.0,986.1868711567238,-3.4133398907801333e-09,0.0,-986.1868715875826,1.481198107312565e+27,-447.6790192970912,-0.2697949761854377,1.0,0.0,0.0
0.0,-0.5943543361272192,0.0,0.0,315.82863793654417,-6.107311352865972e-07,-1.117629428028126e-09,0.0,0.0,695.7353482347528,-4.838321062838054e-09,0.0,-695.735348845484,3.669046039111673e+26,-315.8286376593164,-0.2697943236346691,1.0,0.0,0.0
0.0,-0.5943557834685731,0.0,0.0,222.8108003286898,-8.656959643588809e-07,-1.5842071166274234e-09,0.0,0.0,490.82754068703264,-6.8581950154772625e-09,0.0,-490.8275415527285,9.088525549179165e+25,-222.81079993572672,-0.2697942348046721,1.0,0.0,0.0
0.0,-0.5943574789643054,0.0,0.0,157.18855474730054,-1.2271016496005595e-06,-2.245573385117252e-09,0.0,0.0,346.26913306187697,-9.721314071534252e-09,0.0,-346.2691342889785,2.251303620593332e+25,-157.1885541902858,-0.2697950947913223,1.0,0.0,0.0
0.0,-0.5943598545158003,0.0,0.0,110.89335776922977,-1.7393847764804496e-06,-3.183038384508734e-09,0.0,0.0,244.2860339856843,-1.3779711190001055e-08,0.0,-244.28603572506907,5.576673601127148e+24,-110.89335697967628,-0.2697958617229432,1.0,0.0,0.0
0.0,-0.5943632502399798,0.0,0.0,78.23301150971871,-2.4655328829133137e-06,-4.5118722029169845e-09,0.0,0.0,172.33897332385266,-1.9532383909387217e-08,0.0,-172.3389757893857,1.3813925788575023e+24,-78.233010390548,-0.26979726625905853,0.9999999999999999,0.0,0.0
0.0,-0.5943681592488252,0.0,0.0,55.19178288336452,-3.4948295265297595e-06,-6.395452995005121e-09,0.0,0.0,121.58174382550007,-2.7686648175549195e-08,0.0,-121.58174732032955,3.4218427976505504e+23,-55.19178129697096,-0.269799074797407,0.9999999999999998,0.0,0.0
0.0,-0.5943750600297837,0.0,0.0,38.93665158857716,-4.953830815101484e-06,-9.065373221476516e-09,0.0,0.0,85.77352109913434,-3.9245105721973154e-08,0.0,-85.7735260529651,8.476263858197758e+22,-38.936649339909316,-0.2698017122954215,0.9999999999999997,0.0,0.0
0.0,-0.5943848414438875,0.0,0.0,27.468977806037888,-7.02192770087278e-06,-1.2849898479143248e-08,0.0,0.0,60.511526815742386,-5.562891790664926e-08,0.0,-60.51153383766992,2.099669678580669e+22,-27.468974618617437,-0.2698054220949694,0.9999999999999991,0.0,0.0
0.0,-0.5943986853506407,0.0,0.0,19.378760656351393,-9.95340176696315e-06,-1.8214331890587206e-08,0.0,0.0,42.689687779459874,-7.885254284310717e-08,0.0,-42.68969773286129,5.20116290067313e+21,-19.378756138281723,-0.2698106923831852,0.9999999999999984,0.0,0.0
0.0,-0.5944182723210847,0.0,0.0,13.6712723921551,-1.4108690327412409e-05,-2.581820787766464e-08,0.0,0.0,30.11673057074653,-1.1177142005728197e-07,0.0,-30.116744679436177,1.288410174831759e+21,-13.67126598794153,-0.26981814252563624,0.9999999999999969,0.0,0.0
0.0,-0.5944459710227049,0.0,0.0,9.644752252639021,-1.9998702778922538e-05,-3.659636380921178e-08,0.0,0.0,21.246754855166866,-1.5843305567258412e-07,0.0,-21.24677485386821,3.191639294722628e+20,-9.644743174900016,-0.2698286765959562,0.9999999999999936,0.0,0.0
0.0,-0.5944850941068364,0.0,0.0,6.804121894205563,-2.8347635318131303e-05,-5.187382743497921e-08,0.0,0.0,14.989158144012105,-2.245746737351497e-07,0.0,-14.989186491644531,7.906457113522766e+19,-6.804109026885225,-0.2698435431710336,0.9999999999999875,0.0,0.0
0.0,-0.594540273248771,0.0,0.0,4.800113332541932,-4.018200337647953e-05,-7.352862521560878e-08,0.0,0.0,10.574541425758909,-3.183286183750539e-07,0.0,-10.574581607756485,1.9586733979843408e+19,-4.800095093737961,-0.26986449106598753,0.9999999999999747,0.0,0.0
0.0,-0.5946179331374577,0.0,0.0,3.3863249093733856,-5.6956823137456296e-05,-1.0422244761110339e-07,0.0,0.0,7.460108177134616,-4.512222316271021e-07,0.0,-7.460165133946089,4.852428256089175e+18,-3.386299056947312,-0.2698939307197256,0.999999999999949,0.0,0.0
0.0,-0.5947268975275684,0.0,0.0,2.388925125889215,-8.073441438434108e-05,-1.4772736668041417e-07,0.0,0.0,5.262925145630629,-6.39595131264803e-07,0.0,-5.26300588002158,1.2022099124232292e+18,-2.3888884820327316,-0.2699351513245274,0.9999999999998976,0.0,0.0
0.0,-0.5948791074777812,0.0,0.0,1.6852792961380783,-0.00011443768619417997,-2.0938836161417354e-07,0.0,0.0,3.7128390237619455,-9.066081190116921e-07,0.0,-3.7129534614010535,2.978760710755859e+17,-1.6852273572065364,-0.2699925570600607,0.9999999999997945,0.0,0.0
0.0,-0.5950903483638719,0.0,0.0,1.1888710735333496,-0.00016220869295105334,-2.9677749520980583e-07,0.0,0.0,2.6192599136886656,-1.2850906625985848e-06,0.0,-2.6194221222870144,7.381409440176163e+16,-1.188797457603864,-0.2700718702358742,0.9999999999995871,0.0,0.0
0.0,-0.5953807002506871,0.0,0.0,0.8386648858884918,-0.0002299155291418937,-4.206175573351742e-07,0.0,0.0,1.8477274642204013,-1.8215769402930084e-06,0.0,-1.8479573795594864,1.8294119280196612e+16,-0.8385605511948061,-0.2701801564550095,0.9999999999991703,0.0,0.0
0.0,-0.5957740044706084,0.0,0.0,0.5916013436279426,-0.0003258669755041681,-5.96081894264647e-07,0.0,0.0,1.303378386692949,-2.5820264525829995e-06,0.0,-1.3037042532866785,4535036689241786.0,-0.5914534845454477,-0.2703253260282939,0.9999999999983332,0.0,0.0
0.0,-0.5962947460840744,0.0,0.0,0.4173028986339461,-0.0004618144501663245,-8.446119960226845e-07,0.0,0.0,0.9192826164618408,-3.659932083651808e-06,0.0,-0.919744430145224,1124572904749856.8,-0.4170933907578495,-0.27051435457030776,0.9999999999966512,0.0,0.0
11122.102708862934,-0.5969955483184297,1970.0331342386241,-10036.547853645854,9164.222062268613,-0.0006543809666333624,-1.1965533224643246e-06,-13691.043778843301,-6763.449010324482,0.6482140235317616,-5.187811546530008e-06,-34705.57228371241,32275.737571160913,278990316612538.78,-0.294042013875171,-0.27077720173813746,0.9999999999932717,14150.196488766676,-3486.033568354022
5535.422272370425,-0.5977728056194127,980.4653930074588,-4994.960950310851,4560.97909521683,-0.0009267726249944206,-1.694016300355252e-06,-6814.147340907541,-3366.1940079291107,0.4568439123240636,-7.353493150784604e-06,-17272.673320303547,16063.523903904534,69257402322419.84,-0.20716986546188826,-0.2710317359544633,0.9999999999864815,7042.373593612776,-1735.038819280569
2754.940189461248,-0.5986010915965421,487.96248027429345,-2485.8256731584993,2269.9565270727962,-0.0013114819019252777,-2.3959219458026604e-06,-3391.475442914399,-1675.3693802992725,0.32164356601016486,-1.0423194311825753e-05,-8596.387961110955,7994.721984784004,17208102709170.18,-0.14579621671333945,-0.27126107170970576,0.9999999999728393,3504.8559839298755,-863.5552725265903
1371.1031794650517,-0.5991616592701555,242.84775872326338,-1237.0756242228065,1129.7249311541927,-0.0018527033252656946,-3.382369310529941e-06,-1687.9864055019225,-833.839998154506,0.22599256718797964,-1.4774222394850912e-05,-4278.257567071068,3978.899075841711,4281051636383.3623,-0.10237648165678771,-0.2713305930194599,0.9999999999454307,1744.2692927423739,-429.80927273539317
682.3751557549525,-0.598764435387662,120.85720943757043,-615.6068137095737,562.2400796440386,-0.002608421788637851,-4.757267165554139e-06,-840.143785401368,-415.0074443396403,0.1581388097663364,-2.09413025123963e-05,-2129.168410064865,1980.2419376292692,1066952426149.5409,-0.0715762787907557,-0.2708789918487027,0.9999999998903654,868.0523011920131,-213.92822097374852
339.60129719727524,-0.5958409331343869,60.14478312000819,-306.3264472089512,279.8093631098604,-0.003647686376469934,-6.643321051150611e-06,-418.1619707055097,-206.5525095799852,0.1097632243036508,-2.9682196153883926e-05,-1059.6001320265098,985.5248909163092,266584114840.64444,-0.04962008925473081,-0.2691768397841539,0.9999999997797417,431.9790178343993,-106.48043544397669
169.00737352201958,-0.5872231805102045,29.92986975814832,-152.41531062439796,139.24845480176964,-0.005034053339091037,-9.150019095351306e-06,-208.13459898788966,-102.80330189811797,0.07498205750496306,-4.207061381362224e-05,-527.3006121401381,490.4655031134598,66843833192.83001,-0.03383864396437423,-0.2647567147848259,0.999999999557516,214.95982224075703,-53.00110728127047
84.10620890331721,-0.5671221444806961,14.893109060648396,-75.82637769194528,69.29485719542008,-0.006774323749671247,-1.2278886623039916e-05,-103.59922842261635,-51.16658614048283,0.049682485413434216,-5.962771523113445e-05,-262.3930281499445,244.08289512218565,16843842493.441511,-0.02236759521064654,-0.25498184068771707,0.9999999991111339,106.95979576227616,-26.382688486724113
41.853403438658496,-0.5267887652564403,7.410175817902403,-37.71705823295711,34.48153658465365,-0.008707678774591327,-1.5722091696573877e-05,-51.568727947491716,-25.466524915270988,0.031128617187991647,-8.450810394556834e-05,-130.56140319004083,121.46447431180206,4273848904.705621,-0.013968283611427837,-0.23593047096695346,0.9999999982145953,53.2156450414645,-13.133487987405854
20.825990362292117,-0.4576666065421003,3.6865358186217954,-18.756431438639364,17.1568048131987,-0.010369206443677427,-1.8622172448935996e-05,-25.670908682667385,-12.675299714688018,0.017741795949435448,-0.0001197626594385429,-64.95801942290241,60.44178307645876,1094821479.877533,-0.007925691091871637,-0.2038795439907882,0.9999999964142262,26.472498761404893,-6.538517855421522
10.361943201778162,-0.36070232328083973,1.8337183369323806,-9.324248145560551,8.535613613876718,-0.011055990961586673,-1.9710182626523448e-05,-12.780009836438847,-6.308904546612321,0.008783210737942289,-0.00016970946867232007,-32.313781499651874,30.07402199851558,284148530.9982457,-0.0039001737845547916,-0.15950765047826965,0.999999992799674,13.166212628911707,-3.2556129584888547
5.1549117390456,-0.25408094914884244,0.9118819932978667,-4.633049004558692,4.245792041715414,-0.010351436595997352,-1.8266616859346915e-05,-6.363125740618667,-3.1402131713889196,0.0036522993936919323,-0.00024045634992996817,-16.071408617238323,14.962297410526238,75062007.06628348,-0.0016086616718254117,-0.11121649430600825,0.9999999855451859,6.54635230800813,-1.6212994160580596
2.5640297078055,-0.1627646308740733,0.4533042837880368,-2.3005002169200393,2.1114190401403885,-0.00860963741609398,-1.4974068184699958e-05,-3.1686843337987156,-1.5630623161453114,0.0012773723663066009,-0.0003406349782064854,-7.990886063258622,7.442836484679745,20299176.370668657,-0.000556282104786144,-0.07021899137658005,0.9999999709919528,3.2535438847835505,-0.80761267954601
1.2750140992386059,-0.09896889933190678,0.22522596224802954,-1.1411879997769965,1.0496173418151615,-0.006593575456253067,-1.122952091432402e-05,-1.5782791743689366,-0.7780501987421594,0.0003892432659802109,-0.00048242839555922906,-3.9715503466029203,3.7015679929089993,5658945.959955039,-0.00016678122157715418,-0.04180984843329312,0.9999999418157108,1.6160540920403343,-0.4024377958119032
0.6338012574818493,-0.05975108099456987,0.1118214926944688,-0.5653261935484096,0.5214954936609677,-0.004825851809158544,-7.971242579328753e-06,-0.786361115615379,-0.3873052388688468,0.00010824336069446467,-0.0006830012988589021,-1.9727816878966036,1.840365395183973,1639019.4886274033,-4.529659625551698e-05,-0.024481465733910666,0.9999998833773065,0.8020231726286917,-0.20063945833561592
0.3149031374415532,-0.03701421297513236,0.05545783683211561,-0.27951585273226914,0.2588876779121559,-0.0034604255511091917,-5.465043567987502e-06,-0.3919609947553986,-0.19280057682472398,2.8537758529634352e-05,-0.0009664751902486452,-0.9791634438573553,0.9146293845848771,497171.1132317196,-1.1535355396381732e-05,-0.014500141590148062,0.9999997664814265,0.397549566468573,-0.10010390175359511
0.15635247185205514,-0.02400299336921851,0.027460486381814114,-0.13782968255604885,0.12835660898941645,-0.002462440153548338,-3.6386702663387115e-06,-0.1954834632191658,-0.09597408974294218,7.312657087748335e-06,-0.0013666241535850408,-0.48546467852400005,0.45430309012039666,159082.03726334896,-2.80798911584958e-06,-0.008797960905531213,0.9999995330846057,0.19671604935639433,-0.04999656365437838
0.07755814657495007,-0.016475732657598736,0.013564826713689936,-0.0677084697277722,0.06351108089289353,-0.0017493068697011988,-2.3376492484982152e-06,-0.09756685405999577,-0.04776858237331044,1.8476678283497548e-06,-0.0019304901144950415,-0.24033252802290708,0.2254891297610704,53970.283992991426,-6.567213560186264e-07,-0.005461320799992795,0.9999990683019795,0.09709539536117538,-0.025008288857781422
0.03842413498695192,-0.012030814591851001,0.006676074707460943,-0.033088066302513805,0.03132281777047214,-0.0012443536631105451,-1.4209376351368198e-06,-0.04874271780713421,-0.02376635081187771,4.6402319038530917e-07,-0.0027231019441483657,-0.11873981332959696,0.11181214857751662,19452.781892758518,-1.4630051900954538e-07,-0.0034077350841932906,0.9999981461789506,0.047750456877387014,-0.012536538929723062
0.019004665116898932,-0.009352842358181237,0.003266461672456882,-0.01605360202408675,0.015364114274117107,-0.0008883746317167061,-7.807946516413241e-07,-0.024379290920098565,-0.011813367378641693,1.1636006443284822e-07,-0.0038333738017918306,-0.058510762426115054,0.055377124346760426,7437.594993271212,-3.015274589484255e-08,-0.002039031339520995,0.999996326311324,0.02335872855411369,-0.0063047002430352585
0.009379799043992913,-0.007726100476360066,0.0015824989195667681,-0.007712976478952484,0.007466471511257961,-0.0006383474735461083,-3.4001145523601427e-07,-0.012209411716288934,-0.005859641667988047,2.9220342966138696e-08,-0.005380944368081385,-0.02873597204607897,0.02738734097141722,3002.222068166616,-5.2911224635710884e-09,-0.0010207898943390074,0.9999927613594268,0.011337634861446646,-0.0031858741721256024
